{"armature":[{"aabb":{"width":521.1494664634146,"y":-156.3670731707324,"height":248,"x":-260.7531250000003},"skin":[{"name":"","slot":[{"display":[{"slotPose":[0.9999999999999998,-4.440892098500626e-15,4.440892098500626e-15,0.9999999999999998,136.49999999999963,-33.00000000000059],"vertices":[-104.5,21.5,-97.05,-1.55,-82.5,-18.9,-66.35,-34.35,-47.55,-44.45,-30.2,-53.9,-12.85,-66.2,4.2,-79.45,19.95,-94.9,29.75,-110.05,38.7,-120.15,49,-124,70.75,-124,88.75,-123.6,96.6,-116.35,102.4,-105,104.5,-92.7,104.5,-75.35,104.5,-54.2,98.3,-33.7,104.5,-22.05,104.5,-5.3,104.5,9.2,98.6,22.75,88.1,34.45,82.2,39.95,84.05,58.1,74.85,77,60.4,89.9,41.7,94.35,36.7,104.35,22.8,115.4,7,121.45,-11.4,124,-40.8,124,-60.8,118.3,-77.9,104.6,-88.65,91.2,-97.6,74.9,-103.9,61,-104.5,39.7],"path":"Lchibang2","uvs":[0,0.58669,0.03565,0.49375,0.10526,0.42379,0.18254,0.36149,0.27249,0.32077,0.3555,0.28266,0.43852,0.23306,0.5201,0.17964,0.59545,0.11734,0.64234,0.05625,0.68517,0.01552,0.73445,0,0.83852,0,0.92464,0.00161,0.9622,0.03085,0.98995,0.07661,1,0.12621,1,0.19617,1,0.28145,0.97033,0.36411,1,0.41109,1,0.47863,1,0.5371,0.97177,0.59173,0.92153,0.63891,0.8933,0.66109,0.90215,0.73427,0.85813,0.81048,0.789,0.8625,0.69952,0.88044,0.6756,0.92077,0.60909,0.96532,0.53349,0.98972,0.44545,1,0.30478,1,0.20909,0.97702,0.12727,0.92177,0.07584,0.86774,0.03301,0.80202,0.00287,0.74597,0,0.66008],"edges":[0,1,1,2,2,3,3,4,4,5,5,6,6,7,7,8,8,9,9,10,10,11,11,12,12,13,13,14,14,15,15,16,16,17,17,18,18,19,19,20,20,21,21,22,22,23,23,24,24,25,25,26,26,27,27,28,28,29,29,30,30,31,31,32,32,33,33,34,34,35,35,36,36,37,37,38,38,39,39,40,40,0],"name":"Lchibang2","type":"mesh","transform":{"skY":21.5159,"y":-41.0099,"skX":21.5159,"x":105.9218},"triangles":[25,24,19,15,12,16,16,12,17,12,9,17,9,8,17,17,8,18,8,19,18,19,24,21,23,22,21,24,23,21,19,21,20,6,25,19,14,12,15,13,12,14,7,6,19,8,7,19,11,9,12,6,5,25,5,29,25,25,27,26,5,4,29,29,27,25,10,9,11,29,28,27,3,2,4,40,38,29,2,40,29,4,2,29,38,37,33,38,33,29,33,32,29,37,36,34,37,34,33,31,30,29,32,31,29,0,40,2,1,0,2,36,35,34,40,39,38],"width":209,"bonePose":[4,0.9303159232497793,-0.36675916205039805,0.36675916205039805,0.9303159232497793,52.99999999999994,43.99999999999972,7,0.6445972525364376,-0.7645223227757809,0.7645223227757809,0.6445972525364376,231.99999999999955,-40.000000000000966,5,0.8675304286814662,-0.49738411244404535,0.49738411244404535,0.8675304286814662,156.99999999999974,2.999999999999325],"height":248,"weights":[2,4,0.93,5,0.07,3,4,0.79,5,0.16,7,0.05,3,4,0.91,5,0.06,7,0.03,3,4,0.6900000000000001,5,0.22,7,0.09,3,4,0.63,5,0.25,7,0.12,3,4,0.390359663536584,5,0.38299462176515026,7,0.22664571469826575,3,4,0.3567471232998988,5,0.372542260460302,7,0.27071061623979925,3,4,0.31570978558737256,5,0.36734255296956114,7,0.31694766144306635,2,5,0.51,7,0.49,2,7,0.52,5,0.48,2,7,0.55,5,0.45,2,7,0.56,5,0.44,2,7,0.62,5,0.38,2,7,0.68,5,0.32,2,7,0.71,5,0.29,2,7,0.75,5,0.25,2,7,0.77,5,0.23,2,7,0.78,5,0.22,2,7,0.81,5,0.19,2,7,0.77,5,0.23,3,4,0.000732968553410197,7,0.975141380241913,5,0.024125651204676794,3,4,0.004173586139750311,7,0.5844490691566889,5,0.4113773447035609,3,4,0.02123715337766195,5,0.48939669794292406,7,0.48936614867941397,3,4,0.059864008750549834,5,0.5120171561892385,7,0.42811883506021153,3,4,0.12313764910605854,5,0.5522866446088474,7,0.32457570628509397,3,4,0.16656959602661173,5,0.5598111850619895,7,0.2736192189113988,3,4,0.26029792198587387,5,0.4651576773331371,7,0.274544400680989,3,4,0.35408246812588867,5,0.4238985151304339,7,0.2220190167436775,3,4,0.4088147306719706,5,0.4170129376553305,7,0.17417233167269885,3,4,0.53,5,0.37,7,0.1,3,4,0.6,5,0.31,7,0.09,3,4,0.61,5,0.31,7,0.08,3,4,0.7000000000000001,5,0.23,7,0.07,3,4,0.71,5,0.23,7,0.06,3,4,0.9,5,0.08,7,0.02,1,4,1,1,4,1,1,4,1,1,4,1,1,4,1,1,4,1],"userEdges":[]}],"name":"Lchibang2"},{"display":[{"slotPose":[0.9999999999999999,-3.941291737419306e-15,3.941291737419306e-15,0.9999999999999999,-163.00000000000037,-50.99999999999939],"vertices":[86,50.15,81.2,66.4,70,81.1,57.3,94.6,42.05,104.25,22.25,109,2.45,109,-22.45,101.95,-38.45,88.25,-42.55,77.3,-55.75,70.2,-67.45,55.95,-72.5,40.75,-70.75,25.5,-80.15,11.75,-86,-1.7,-86,-21.75,-76.85,-34.5,-81.15,-51,-81.15,-72.35,-74.55,-94.95,-61.35,-109,-43.05,-109,-24.75,-109,-13.85,-98.25,-4.45,-76.65,11.3,-60.65,30.4,-45.4,57.05,-25.6,75.1,-9.3,86,16.1,86,32.85],"path":"Rchibang2","uvs":[1,0.73005,0.97209,0.80459,0.90698,0.87202,0.83314,0.93394,0.74448,0.97821,0.62936,1,0.51424,1,0.36948,0.96766,0.27645,0.90482,0.25262,0.85459,0.17587,0.82202,0.10785,0.75665,0.07849,0.68693,0.08866,0.61697,0.03401,0.5539,0,0.4922,0,0.40023,0.0532,0.34174,0.0282,0.26606,0.0282,0.16812,0.06657,0.06445,0.14331,0,0.24971,0,0.3561,0,0.41948,0.04931,0.47413,0.14839,0.5657,0.22179,0.67674,0.29174,0.83169,0.38257,0.93663,0.45734,1,0.57385,1,0.65069],"edges":[0,1,1,2,2,3,3,4,4,5,5,6,6,7,7,8,8,9,9,10,10,11,11,12,12,13,13,14,14,15,15,16,16,17,17,18,18,19,19,20,20,21,21,22,22,23,23,24,24,25,25,26,26,27,27,28,28,29,29,30,30,31,31,0],"name":"Rchibang2","type":"mesh","transform":{"skY":150.0864,"y":37.1171,"skX":150.0864,"x":115.9583},"triangles":[2,1,0,9,2,31,28,9,31,2,0,31,30,29,31,29,28,31,5,3,2,9,5,2,5,4,3,9,6,5,13,9,27,27,9,28,9,7,6,26,13,27,17,13,26,9,8,7,17,14,13,13,11,10,13,10,9,25,17,26,18,17,25,13,12,11,24,22,25,22,19,25,19,18,25,15,14,17,20,19,22,23,22,24,16,15,17,21,20,22],"width":172,"bonePose":[3,-0.8667780007801336,-0.4986941922296613,0.4986941922296613,-0.8667780007801336,-81.00000000000006,39.00000000000027,6,-0.5130441023431545,-0.8583622481510395,0.8583622481510395,-0.5130441023431545,-154.00000000000023,-2.9999999999994245,8,-0.28734788556634927,-0.9578262852211501,0.9578262852211501,-0.28734788556634927,-206.00000000000057,-89.99999999999918],"height":218,"weights":[1,3,1,1,3,1,1,3,1,1,3,1,1,3,1,3,6,0.46,8,0.06,3,0.48,3,6,0.45,8,0.07,3,0.48,3,6,0.45,8,0.07,3,0.48,3,6,0.47000000000000003,8,0.11,3,0.42,3,6,0.49,8,0.12,3,0.39,3,6,0.68,8,0.24,3,0.08,3,6,0.5700000000000001,8,0.28,3,0.15,2,6,0.6223560422397465,8,0.3776439577602535,2,6,0.6035272748911377,8,0.39647272510886233,2,6,0.5410588071260927,8,0.45894119287390733,2,6,0.5077664263818555,8,0.49223357361814446,2,8,0.5006152014418159,6,0.499384798558184,2,8,0.508448445192584,6,0.49155155480741597,2,8,0.5967742203250916,6,0.4032257796749084,2,8,0.7816830006867613,6,0.2183169993132387,2,8,0.9542493852261219,6,0.04575061477387801,2,8,0.9987827383173702,6,0.0012172616826298171,2,8,0.9246735158351944,6,0.0753264841648056,2,8,0.7885028630103208,6,0.21149713698967929,2,8,0.6846534234090689,6,0.3153465765909312,2,8,0.5609869418700225,6,0.43901305812997743,2,6,0.5044379040418185,8,0.4955620959581814,3,6,0.38,8,0.31,3,0.31,3,6,0.33,8,0.2,3,0.47000000000000003,3,6,0.36,8,0.17,3,0.47000000000000003,3,6,0.39,8,0.13,3,0.48,1,3,1],"userEdges":[]}],"name":"Rchibang2"}]}],"ik":[],"frameRate":24,"animation":[{"bone":[{"frame":[{"duration":40,"transform":{}}],"name":"root"},{"frame":[{"duration":40,"transform":{}}],"name":"tou"},{"frame":[{"tweenEasing":0,"duration":4,"transform":{}},{"tweenEasing":0,"duration":5,"transform":{"skY":-28.0029,"skX":-28.0029}},{"tweenEasing":0,"duration":5,"transform":{"skY":0.9971,"skX":0.9971}},{"tweenEasing":0,"duration":5,"transform":{"skY":-26.0029,"skX":-26.0029}},{"duration":21,"transform":{}}],"name":"Rchibang"},{"frame":[{"tweenEasing":0,"duration":4,"transform":{}},{"tweenEasing":0,"duration":5,"transform":{"skY":10.9966,"skX":10.9966}},{"tweenEasing":0,"duration":5,"transform":{"skY":-1.0034,"skX":-1.0034}},{"tweenEasing":0,"duration":5,"transform":{"skY":13.9966,"skX":13.9966}},{"duration":21,"transform":{}}],"name":"Lchibang"},{"frame":[{"duration":2,"transform":{}},{"tweenEasing":0,"duration":4,"transform":{}},{"tweenEasing":0,"duration":5,"transform":{"skY":17.0012,"skX":17.0012}},{"tweenEasing":0,"duration":5,"transform":{}},{"tweenEasing":0,"duration":5,"transform":{"skY":14.0012,"skX":14.0012}},{"duration":19,"transform":{}}],"name":"Lchibang1"},{"frame":[{"duration":4,"transform":{}},{"tweenEasing":0,"duration":4,