{"frameRate":24,"isGlobal":0,"armature":[{"skin":[{"name":"","slot":[{"display":[{"slotPose":[1,0,0,1,-148.49999999999997,-56.00000000000001],"uvs":[0.2964,1,0.3312,0.96194,0.3924,0.92373,0.5,0.90541,0.6568,0.89331,0.7624,0.87723,0.8372,0.83519,0.9048,0.78631,1,0.76035,1,0.71529,0.9508,0.68169,0.9292,0.60159,0.8816,0.50685,0.7952,0.42293,0.6592,0.33057,0.4948,0.2672,0.3312,0.1785,0.2604,0.11433,0.2184,0.04108,0.2088,0,0.0896,0,0.0956,0.05096,0.0572,0.13965,0.032,0.22978,0.0128,0.32436,0.0244,0.45653,0.0744,0.53965,0.1816,0.63137,0.2564,0.6664,0.1224,0.6535,0.0628,0.70844,0.1264,0.73678,0.1532,0.7742,0.1936,0.81624,0.3124,0.83455,0.2052,0.87038,0.1576,0.95446,0.2092,1],"vertices":[-25.45,157,-21.1,145.05,-13.45,133.05,0,127.3,19.6,123.5,32.8,118.45,42.15,105.25,50.6,89.9,62.5,81.75,62.5,67.6,56.35,57.05,53.65,31.9,47.7,2.15,36.9,-24.2,19.9,-53.2,-0.65,-73.1,-21.1,-100.95,-29.95,-121.1,-35.2,-144.1,-36.4,-157,-51.3,-157,-50.55,-141,-55.35,-113.15,-58.5,-84.85,-60.9,-55.15,-59.45,-13.65,-53.2,12.45,-39.8,41.25,-30.45,52.25,-47.2,48.2,-54.65,65.45,-46.7,74.35,-43.35,86.1,-38.3,99.3,-23.45,105.05,-36.85,116.3,-42.8,142.7,-36.35,157],"path":"Rchibang1","edges":[0,1,1,2,2,3,3,4,4,5,5,6,6,7,7,8,8,9,9,10,10,11,11,12,12,13,13,14,14,15,15,16,16,17,17,18,18,19,19,20,20,21,21,22,22,23,23,24,24,25,25,26,26,27,27,28,28,29,29,30,30,31,31,32,32,33,33,34,34,35,35,36,36,37,37,0],"name":"Rchibang1","type":"mesh","triangles":[10,7,9,9,7,8,11,28,10,28,7,10,12,28,11,34,6,7,28,34,7,13,27,12,27,28,12,26,27,13,4,5,6,34,4,6,14,25,13,25,26,13,34,3,4,24,25,15,15,25,14,28,32,34,34,2,3,16,23,15,23,24,15,31,32,28,32,33,34,35,1,2,34,35,2,35,36,1,37,0,1,36,37,1,17,22,16,22,23,16,18,21,17,21,22,17,30,31,28,29,30,28,19,20,18,20,21,18],"bonePose":[3,-0.8667780007801318,-0.4986941922296649,0.4986941922296649,-0.8667780007801318,-81,38.99999999999999,6,-0.5130441023431511,-0.8583622481510417,0.8583622481510417,-0.5130441023431511,-154,-3,8,-0.2873478855663455,-0.9578262852211514,0.9578262852211514,-0.2873478855663455,-206,-89.99999999999999],"width":125,"weights":[3,6,0.43,8,0.12,3,0.45,3,6,0.44,8,0.11,3,0.45,3,6,0.46,8,0.1,3,0.44,3,6,0.48,8,0.08,3,0.44,3,6,0.48,8,0.08,3,0.44,3,6,0.48,8,0.08,3,0.44,1,3,1,1,3,1,1,3,1,1,3,1,1,3,1,3,6,0.47000000000000003,8,0.1,3,0.43,3,6,0.41000000000000003,8,0.16,3,0.43,2,6,0.6092817046893936,8,0.3907182953106065,2,6,0.5221520572591736,8,0.4778479427408264,2,8,0.5247337937696553,6,0.4752662062303446,2,8,0.6659349097450079,6,0.33406509025499204,2,8,0.7603748334075472,6,0.23962516659245287,2,8,0.8186478099089851,6,0.18135219009101494,2,8,0.8352072837276874,6,0.1647927162723127,2,8,0.899423832752668,6,0.10057616724733186,2,8,0.8920466961416957,6,0.10795330385830426,2,8,0.9112572006233219,6,0.088742799376678,2,8,0.9335306660228903,6,0.06646933397710984,2,8,0.983461922622882,6,0.016538077377117977,2,6,0.7401092501832689,8,0.25989074981673116,2,6,0.8428881388367166,8,0.1571118611632835,2,6,0.9159732241704992,8,0.08402677582950079,2,6,0.9486458101928242,8,0.051354189807175696,2,6,0.8606750813081756,8,0.13932491869182437,2,6,0.8075044826294758,8,0.19249551737052428,2,6,0.8467789347973428,8,0.15322106520265716,2,6,0.8526023810571833,8,0.14739761894281656,2,6,0.8492521910787347,8,0.15074780892126524,2,6,0.8711450153895463,8,0.12885498461045378,2,6,0.8218355919085846,8,0.17816440809141537,3,6,0.43,8,0.12,3,0.45,3,6,0.42,8,0.13,3,0.45],"userEdges":[],"height":314,"transform":{"y":48.6821,"skX":150.0864,"skY":150.0864,"x":105.8835}}],"name":"Rchibang1"},{"display":[{"slotPose":[1,-3.885780586188048e-16,3.885780586188048e-16,1,142.5,-3],"uvs":[0,0.62453,0.05415,0.60186,0.09767,0.54922,0.17021,0.46211,0.26451,0.36863,0.40777,0.29783,0.5399,0.24643,0.68187,0.19317,0.79585,0.13929,0.89016,0.07764,0.94663,0.01848,0.96269,0,1,0,1,0.05124,0.97902,0.09379,0.96114,0.20839,0.9114,0.36211,0.81632,0.50497,0.69845,0.59814,0.61658,0.64146,0.5601,0.66475,0.63135,0.66071,0.64741,0.6986,0.63938,0.75311,0.57098,0.77158,0.53212,0.81413,0.4342,0.82065,0.40881,0.8278,0.43834,0.84239,0.4557,0.88898,0.45181,0.94674,0.37798,1,0.32176,1,0.2987,0.9323,0.22902,0.87686,0.12332,0.83835,0.07254,0.8118,0.04689,0.72578,0.02694,0.6809,0,0.65761],"vertices":[-96.5,40.1,-86.05,32.8,-77.65,15.85,-63.65,-12.2,-45.45,-42.3,-17.8,-65.1,7.7,-81.65,35.1,-98.8,57.1,-116.15,75.3,-136,86.2,-155.05,89.3,-161,96.5,-161,96.5,-144.5,92.45,-130.8,89,-93.9,79.4,-44.4,61.05,1.6,38.3,31.6,22.5,45.55,11.6,53.05,25.35,51.75,28.45,63.95,26.9,81.5,13.7,87.45,6.2,101.15,-12.7,103.25,-17.6,105.55,-11.9,110.25,-8.55,125.25,-9.3,143.85,-23.55,161,-34.4,161,-38.85,139.2,-52.3,121.35,-72.7,108.95,-82.5,100.4,-87.45,72.7,-91.3,58.25,-96.5,50.75],"path":"Lchibang1","edges":[0,1,1,2,2,3,3,4,4,5,5,6,6,7,7,8,8,9,9,10,10,11,11,12,12,13,13,14,14,15,15,16,16,17,17,18,18,19,19,20,20,21,21,22,22,23,23,24,24,25,25,26,26,27,27,28,28,29,29,30,30,31,31,32,32,33,33,34,34,35,35,36,36,37,37,38,38,39,39,0],"name":"Lchibang1","type":"mesh","triangles":[8,15,14,9,8,14,11,10,12,9,14,13,10,9,13,12,10,13,7,16,15,8,7,15,6,17,16,7,6,16,5,18,17,6,5,17,5,4,18,3,20,19,4,3,19,4,19,18,21,20,22,24,23,22,20,24,22,3,2,20,20,26,24,26,25,24,2,1,20,27,26,20,37,27,20,1,37,20,38,37,1,37,35,27,28,27,29,27,33,29,33,30,29,33,31,30,34,33,27,33,32,31,35,34,27,37,36,35,39,38,1,0,39,1],"bonePose":[5,0.8675304286814685,-0.497384112444042,0.497384112444042,0.8675304286814685,157,3,7,0.6445972525364408,-0.7645223227757785,0.7645223227757785,0.6445972525364408,232,-40,4,0.930315923249781,-0.36675916205039444,0.36675916205039444,0.930315923249781,53,43.99999999999999],"width":193,"weights":[1,4,1,1,4,1,2,5,0.06598886408159155,4,0.9340111359184085,2,5,0.2440642631017864,4,0.7559357368982136,2,5,0.43040091624865023,4,0.5695990837513498,2,5,0.5015722627417583,4,0.4984277372582417,3,5,0.32,4,0.26,7,0.42,3,5,0.45,4,0.23,7,0.32,3,5,0.48,4,0.2,7,0.32,3,5,0.49,4,0.19,7,0.32,3,5,0.42,4,0.18,7,0.4,3,5,0.47000000000000003,4,0.21,7,0.32,3,5,0.47000000000000003,4,0.21,7,0.32,3,5,0.32,4,0.11,7,0.5700000000000001,3,5,0.28,4,0.09,7,0.63,3,5,0.5700000000000001,4,0.11,7,0.32,3,5,0.61,4,0.01,7,0.38,3,5,0.48,4,0.07,7,0.45,2,5,0.5173638720888142,4,0.4826361279111858,2,5,0.49222161740534526,4,0.5077783825946547,2,5,0.45079670444386827,4,0.5492032955561318,2,5,0.49489438575359435,4,0.5051056142464058,2,5,0.4951337602720867,4,0.5048662397279133,2,5,0.4886012337863023,4,0.5113987662136977,2,5,0.46199399074018715,4,0.5380060092598128,2,5,0.4447191742230037,4,0.5552808257769962,2,5,0.3885433829032346,4,0.6114566170967654,2,5,0.3739533703439181,4,0.6260466296560819,2,5,0.3972417840145566,4,0.6027582159854433,2,5,0.41589083896254947,4,0.5841091610374505,2,5,0.42193907545568293,4,0.5780609245443171,2,5,0.3997394832634155,4,0.6002605167365844,2,5,0.3763719673893606,4,0.6236280326106395,2,5,0.34593485078192904,4,0.6540651492180709,2,5,0.2,4,0.8,2,5,0.11,4,0.89,2,5,0.1,4,0.9,1,4,1,1,4,1,1,4,1],"userEdges":[],"height":322,"transform":{"y":-10.8999,"skX":21.5159,"skY":21.5159,"x":100.501}}],"name":"Lchibang1"}]}],"type":"Armature","bone":[{"name":"root","transform":{}},{"length":72,"transform":{"y":121,"skX":-90.7957,"skY":-90.7957,"x":-17},"parent":"root","name":"shenti"},{"length":140,"transform":{"skX":0.3865,"skY":0.3865,"x":72.0069},"parent":"shenti","name":"tou"},{"length":84,"transform":{"y":-62.927,"skX":-59.6771,"skY":-59.6771,"x":10.4497},"parent":"tou","name":"Rchibang"},{"length":111,"transform":{"y":71.0339,"skX":68.8934,"skY":68.8934,"x":4.4927},"parent":"tou","name":"Lchibang"},{"length":86,"transform":{"skX":-8.3112,"skY":-8.3112,"x":111.79},"parent":"Lchibang","name":"Lchibang1"},{"length":101,"transform":{"skX":29.2195,"skY":29.2195,"x":84.22},"parent":"Rchibang","name":"Rchibang1"},{"length":133,"transform":{"skX":-20.0374,"skY":-20.0374,"x":86.4523},"parent":"Lchibang1","name":"Lchibang2"},{"length":125,"transform":{"skX":14.1676,"skY":14.1676,"x":101.3558},"parent":"Rchibang1","name":"Rchibang2"}],"aabb":{"width":464.18697368421067,"y":-186.6342105263152,"height":362.7654605263146,